{"cameraMode":{"drawMode":0,"name":"Shaded","section":"Shading Mode"},"sceneLighting":true,"audioPlay":false,"sceneViewState":{"showFog":true,"showMaterialUpdate":false,"showSkybox":true,"showFlares":true,"showImageEffects":true,"showParticleSystems":true},"in2DMode":false,"pivot":{"x":0.2695045471191406,"y":-2.4116272926330568,"z":-2.818199872970581},"rotation":{"x":0.09157561510801316,"y":0.8863324522972107,"z":-0.4079914391040802,"w":0.19894234836101533},"size":6.643011093139648,"orthographic":false}